image,ground_truth,prediction,confidence,exact_match,edit_distance,cer,time_seconds
word_000400.png,CARE,"Hoane, Phia Pan STaAC CAFE",0.7070326209068298,False,23,5.75,0.8068515000049956
word_001184.png,SSI,PESMZUN COTTLER AN,0.7682109475135803,False,17,5.666666666666667,1.2800959999731276
word_001909.png,GIO,WATINGFOR,0.9656503200531006,False,7,2.3333333333333335,0.7226266999787185
word_001884.png,IES,ereces,0.8241710662841797,False,6,2.0,0.6925211999914609
word_000895.png,woobo,Wooloomooloo,0.7173316478729248,False,9,1.8,0.5668409999925643
word_000367.png,TEN,belt ,0.44435223937034607,False,5,1.6666666666666667,0.5421575999935158
word_001811.png,JAN,JAN 205,0.9473897218704224,False,4,1.3333333333333333,0.6567066000134218
word_000277.png,ceve,dessert,0.9649469256401062,False,5,1.25,0.5456205999944359
word_001545.png,CITY,AONAETY,0.6329396963119507,False,5,1.25,0.6829641999793239
word_001743.png,DOROTHYPERKINS,1,0.19306457042694092,False,14,1.0,0.6165239999827463
word_001264.png,Anniversary,,0.0,False,11,1.0,0.5672645000158809
word_000081.png,CLASSROOMS,01,0.18963801860809326,False,10,1.0,0.5474693999858573
word_000894.png,MasterCard,,0.0,False,10,1.0,0.5620496000046842
word_001751.png,CHOCOOLATE,201,0.35088157653808594,False,10,1.0,0.6200087000033818
word_000596.png,robinsons,ROBINSONS,0.9999552965164185,False,9,1.0,0.5113090999948326
word_000863.png,SPECTACLE,101,0.3893435299396515,False,9,1.0,0.5563701000064611
word_000918.png,DIRECTORY,,0.0,False,9,1.0,0.5586100999789778
word_001013.png,esplanade,,0.0,False,9,1.0,0.6142533000092953
word_001623.png,CONCIERGE,21,0.3106909990310669,False,9,1.0,0.6376593000022694
word_000642.png,precious,PRECIOUS,0.9245311617851257,False,8,1.0,0.5164760999905411
word_000817.png,Crahtree,,0.0,False,8,1.0,0.4973747000040021
word_000915.png,guardian,SO,0.23119032382965088,False,8,1.0,0.5176133000059053
word_001732.png,COLDWEAR,,0.0,False,8,1.0,0.8131204000092112
word_001772.png,Mandarin,,0.0,False,8,1.0,0.6305479000147898
word_001886.png,HYPERION,201,0.4632624685764313,False,8,1.0,0.619351999979699
word_002021.png,CREAMERY,201,0.3423921763896942,False,8,1.0,0.628459900006419
word_000773.png,BRITISH,,0.0,False,7,1.0,0.5076049999915995
word_001437.png,outback,OUTBACK,0.9908553957939148,False,7,1.0,0.6439772000012454
word_001487.png,FOREVER,2,0.15707926452159882,False,7,1.0,0.678786400007084
word_001836.png,CHAXLIE,a,0.15381458401679993,False,7,1.0,0.6521654999814928
word_000077.png,BEYOND,00,0.31477487087249756,False,6,1.0,0.5195195999986026
word_000093.png,UNSEEN,20M,0.36622703075408936,False,6,1.0,0.4769749999977648
word_000187.png,Calvin,,0.0,False,6,1.0,0.5536269999865908
word_000605.png,cierge,CIERGE,0.9980947971343994,False,6,1.0,0.49976950002019294
word_000610.png,jacobs,JACOBS,0.9999356865882874,False,6,1.0,0.5155465000134427
word_000623.png,bright,SMR,0.32826146483421326,False,6,1.0,0.5814826000132598
word_000633.png,alluti,ALLUTI,0.6945369839668274,False,6,1.0,0.5580884999944828
word_000818.png,Evelyn,,0.0,False,6,1.0,0.5239758999960031
word_000969.png,figger,1ieqqit,0.7278150916099548,False,6,1.0,0.5397509000031278
word_001312.png,OYSTER,,0.0,False,6,1.0,0.6913637999969069
word_001492.png,OREVER,试验单位,0.2488306313753128,False,6,1.0,0.6695210000034422
word_001711.png,Blush!,DOT,0.4892514944076538,False,6,1.0,0.6052552000037394
word_001883.png,CHE  S,ciers,0.7529434561729431,False,6,1.0,0.5847522999974899
word_002014.png,nniiru,2,0.15221074223518372,False,6,1.0,0.6521746999933384
word_000079.png,WALLS,50,0.5450211763381958,False,5,1.0,0.4975470000063069
word_000185.png,Klein,下O,0.25047969818115234,False,5,1.0,0.531083200010471
word_000186.png,Jeans,Sot,0.413630872964859,False,5,1.0,0.5355617000022903
word_000621.png,panic,PANIC,0.9675297737121582,False,5,1.0,0.5205396999954246
word_000622.png,place,PLACE,0.9993778467178345,False,5,1.0,0.5579660999937914
word_000639.png,sushi,SUSHI,0.9998974800109863,False,5,1.0,0.5318081000004895
word_000804.png,Bread,PORE,0.4845746159553528,False,5,1.0,0.5519615999946836
word_000960.png,STHES,biato,0.52635657787323,False,5,1.0,0.5403366000100505
word_001375.png,eauty,,0.0,False,5,1.0,0.7931079000118189
word_001501.png,LEVIS,Levi's,0.7176676392555237,False,5,1.0,0.6752206000091974
word_001596.png,TOKYO,20,0.3549196124076843,False,5,1.0,0.6198446000053082
word_001754.png,OLATE,20,0.218727707862854,False,5,1.0,0.6469940000097267
word_001828.png,TAKEN,202,0.3038747310638428,False,5,1.0,0.6120029000157956
word_001835.png,BROWN,,0.0,False,5,1.0,0.6439016000076663
word_000090.png,LOST,U0,0.33697763085365295,False,4,1.0,0.4925587000034284
word_000565.png,sale,SALE,0.9996702671051025,False,4,1.0,0.53947699998389
word_000620.png,dont,DONT,0.9393979907035828,False,4,1.0,0.5547274999844376
word_000625.png,WALK,AVTY,0.4474068582057953,False,4,1.0,0.49428569999872707
word_000667.png,WORK,01,0.24997279047966003,False,4,1.0,0.5295455000014044
word_000671.png,food,HOC,0.5565712451934814,False,4,1.0,0.528125499986345
word_000726.png,GEOX,0,0.5367062091827393,False,4,1.0,0.5144498000154272
word_000859.png,POSS,,0.0,False,4,1.0,0.5105931000143755
word_001068.png,Towe,TOWEI,0.8401554822921753,False,4,1.0,0.6474990000133403
word_001436.png,step,STEP,0.9907028675079346,False,4,1.0,0.5977132000261918
word_001509.png,ecco,SOE,0.2713795006275177,False,4,1.0,0.6453177999937907
word_001798.png,reaL,PO,0.8089585900306702,False,4,1.0,0.6826969000103418
word_001807.png,real,10,0.3828766942024231,False,4,1.0,0.6883047000155784
word_001840.png,real,PO,0.7154055833816528,False,4,1.0,0.6790123000100721
word_001842.png,real,POO,0.6670034527778625,False,4,1.0,0.6522742999950424
word_001885.png,LEVE,Level,0.9543220400810242,False,4,1.0,0.654162599996198
word_001928.png,FROM,,0.0,False,4,1.0,0.6887857000110671
word_001964.png,WESC,wesc,0.9764092564582825,False,4,1.0,0.6256776000082027
word_002019.png,COLD,M010,0.49835681915283203,False,4,1.0,0.6570662000158336
word_002022.png,COLD,2,0.6764950752258301,False,4,1.0,0.6166670999955386
word_000084.png,YOU,Too,0.6095179915428162,False,3,1.0,0.4929040999850258
word_000583.png,new,NEW,0.9947473406791687,False,3,1.0,0.5637248000130057
word_000630.png,DIA,,0.0,False,3,1.0,0.5641297000111081
word_000640.png,the,Thate,0.525812566280365,False,3,1.0,0.5440740000049118
word_000810.png,m&m,,0.0,False,3,1.0,0.5102732999948785
word_000853.png,Inn,m,0.9708396792411804,False,3,1.0,0.5100927999883424
word_000948.png,sme,a,0.148585706949234,False,3,1.0,0.5497050000121817
word_000950.png,off,,0.0,False,3,1.0,0.5001010999840219
word_001115.png,Tvo,RCT,0.4011775553226471,False,3,1.0,0.5980407000170089
word_001248.png,GAP,,0.0,False,3,1.0,0.5914122000103816
word_001434.png,uob,UOB,0.9997014999389648,False,3,1.0,0.5759641000186093
word_001435.png,the,THE,0.9993235468864441,False,3,1.0,0.6311316999781411
word_001572.png,LES,检验,0.20671239495277405,False,3,1.0,0.6722443000180647
word_001629.png,SPA,,0.0,False,3,1.0,0.6441295000258833
word_002011.png,TOO,100,0.5919700860977173,False,3,1.0,0.6937233000062406
word_002015.png,inc,,0.0,False,3,1.0,0.8004239000147209
word_000941.png,BIOTHERM,POA,0.24650698900222778,False,7,0.875,0.5540662000130396
word_000699.png,NOURISH,SO,0.47576481103897095,False,6,0.8571428571428571,0.5139460999926087
word_000700.png,BELIEVE,PE,0.5137836933135986,False,6,0.8571428571428571,0.5001884000084829
word_000094.png,UNSEEN,MOIE,0.2972610890865326,False,5,0.8333333333333334,0.4997180000063963
word_000021.png,AIROB,BERD,0.5963100790977478,False,4,0.8,0.4508475000038743
word_000085.png,WORLD,POIE,0.26334309577941895,False,4,0.8,0.4800530000065919
word_000087.png,BEAST,A,0.3666805326938629,False,4,0.8,0.5109449999872595
word_000698.png,MOVE.,POT,0.5282172560691833,False,4,0.8,0.5506797000125516
word_001036.png,GIANT,Giaut,0.7940718531608582,False,4,0.8,0.5693696000089403
word_001284.png,VUEDA,ATE,0.36662229895591736,False,4,0.8,0.6975670999963768
word_001631.png,CHABU,H,0.9924947023391724,False,4,0.8,0.6977017000026535
word_002020.png,STONE,ARE,0.3511826992034912,False,4,0.8,0.588908999983687
word_002023.png,STONE,AO,0.42040520906448364,False,4,0.8,0.6205989000154659
word_000078.png,FOUR,POT,0.5722476243972778,False,3,0.75,0.5309785999997985
word_000088.png,CITY,AT,0.18821240961551666,False,3,0.75,0.5449724999780301
word_000701.png,SALE,ST,0.6730177402496338,False,3,0.75,0.561678900005063
word_000727.png,GEOX,SIO,0.2325868457555771,False,3,0.75,0.5256156999967061
word_000728.png,GEOX,PO,0.29157668352127075,False,3,0.75,0.5785841000033543
word_000736.png,SALE,S5AM,0.48973745107650757,False,3,0.75,0.5560564999759663
word_000805.png,Talk,TITt,0.6660344004631042,False,3,0.75,0.5074512999854051
word_000917.png,EXIT,Et,0.49619531631469727,False,3,0.75,0.5588858999835793
word_001061.png,repu,epubn,0.7215531468391418,False,3,0.75,0.6164762999978848
word_001141.png,sale,Slae,0.3064892292022705,False,3,0.75,0.5680706999846734
word_001636.png,seas,Seaser,0.5444038510322571,False,3,0.75,0.6757906999846455
word_001841.png,real,Pa0,0.4472312033176422,False,3,0.75,0.6409821000124793
word_001863.png,WWW.,www.,0.6415536403656006,False,3,0.75,0.6270242999889888
word_000296.png,Boerien,Experience,0.9507516622543335,False,5,0.7142857142857143,0.5713279999908991
word_000323.png,Tonajs,Tovey's,0.8743627667427063,False,4,0.6666666666666666,0.5044855999876745
word_000344.png,Reking,Relishing,0.9350318908691406,False,4,0.6666666666666666,0.563213999994332
word_000145.png,Art,An,0.9511466026306152,False,2,0.6666666666666666,0.528633699985221
word_000383.png,the,tN,0.8779789209365845,False,2,0.6666666666666666,0.5311970000038855
word_000423.png,JAG,TG,0.967381477355957,False,2,0.6666666666666666,0.5241983000014443
word_000602.png,THT,THSOT,0.8179610371589661,False,2,0.6666666666666666,0.5530581000202801
word_000647.png,OPE,OPEII,0.9357735514640808,False,2,0.6666666666666666,0.5005109999910928
word_000697.png,SOL,DUSOL,0.9948476552963257,False,2,0.6666666666666666,0.5566638000018429
word_000717.png,CAP,Cnr,0.8104551434516907,False,2,0.6666666666666666,0.5454734999802895
word_000775.png,ORE,SJORE,0.7914973497390747,False,2,0.6666666666666666,0.6811690999893472
word_000787.png,ORE,SJORE,0.9135481715202332,False,2,0.6666666666666666,0.5623011999996379
word_000792.png,IND,INDI.,0.8707281351089478,False,2,0.6666666666666666,0.5216870000003837
word_000907.png,NOT,FHOT,0.5288286209106445,False,2,0.6666666666666666,0.5345015999919269
word_000946.png,ios,ines,0.9230527281761169,False,2,0.6666666666666666,0.5231548000010662
word_001004.png,Ltd,Lu,0.8479185700416565,False,2,0.6666666666666666,0.6105137999984436
word_001421.png,CEN,UBN,0.6894665360450745,False,2,0.6666666666666666,0.7878764999913983
word_001555.png,#22,2,0.9580800533294678,False,2,0.6666666666666666,0.6622736999997869
word_001621.png,EIC,E,0.7056359052658081,False,2,0.6666666666666666,0.6297981000097934
word_001540.png,PHO    A,PHO,0.9690013527870178,False,5,0.625,0.7899407999939285
word_000083.png,DRING,DAI,0.4608379304409027,False,3,0.6,0.5309386999870185
word_000503.png,ENA E,EMPLE,0.8604119420051575,False,3,0.6,0.5655137999856379
word_000780.png,strip,Stp,0.9507390856742859,False,3,0.6,0.5656518999894615
word_000929.png,$8.80,80,0.9772175550460815,False,3,0.6,0.5276794999954291
word_001303.png,AVEDA,AINA,0.303655207157135,False,3,0.6,0.6148126999905799
word_001443.png,Timms,Tarims,0.810299813747406,False,3,0.6,0.6330251000181306
word_001746.png,LEVEL,PEIE,0.42576831579208374,False,3,0.6,0.6152552000130527
word_001900.png,GAMES,RAMA2,0.6628533601760864,False,3,0.6,0.6621042000188027
word_000744.png,50% OFF,50%,0.8386624455451965,False,4,0.5714285714285714,0.5758801999909338
word_001680.png,dENiZEN,deNizen,0.8099623918533325,False,4,0.5714285714285714,0.58176159998402
word_001238.png,Gla    illo,Glashjulle,0.8424092531204224,False,6,0.5454545454545454,0.7490851000184193
word_000293.png,Fashi  g,Fashidming,0.9326655268669128,False,4,0.5,0.5422579000005499
word_001111.png,TM Lewin,Injewin,0.6742604970932007,False,4,0.5,0.6945617999881506
word_000774.png,50%off,50%,0.9607212543487549,False,3,0.5,0.5525239999988116
word_001183.png,Coffes,Goffoe,0.8487865924835205,False,3,0.5,0.6195339999976568
word_001665.png,70%OFF,70%,0.999943733215332,False,3,0.5,0.5962227999989409
word_001675.png,70%OFF,70%,0.999835193157196,False,3,0.5,0.58422759998939
word_001789.png,HOBBIT,HoBerT,0.804180383682251,False,3,0.5,0.578507800004445
word_002018.png,CREAME,CREAVERT,0.8749113082885742,False,3,0.5,0.6465641999966465
word_000532.png,HARA,MAREA,0.8058487176895142,False,2,0.5,0.5605806999956258
word_000686.png,LVER,IVER`,0.8359056711196899,False,2,0.5,0.5314577000099234
word_000732.png,SALE,SAT,0.6519294381141663,False,2,0.5,0.5458740000030957
word_000788.png,AI #,AI井,0.7629285454750061,False,2,0.5,0.5636053000052925
word_001090.png,It's,教's,0.7348386645317078,False,2,0.5,0.5462283999950159
word_001097.png,Bean,Be,0.3239032030105591,False,2,0.5,2.6802968999836594
word_001448.png,WAY!,WAXI,0.769820511341095,False,2,0.5,0.6610453999892343
word_001508.png,SALE,STE,0.6976839900016785,False,2,0.5,0.5875807999982499
word_001924.png,Book,Bogs,0.9731026291847229,False,2,0.5,0.7666735000093468
word_001954.png,Stay,stdy,0.8022738099098206,False,2,0.5,0.6099896999949124
word_001965.png,DOUG,OU,0.7978531718254089,False,2,0.5,0.6858398000185844
word_001165.png,shuaTELER,SHUATELER,0.8176774978637695,False,4,0.4444444444444444,0.7017831999983173
word_001065.png,CRYSTAL,CRISIA,0.7459422945976257,False,3,0.42857142857142855,0.5856052000017371
word_001071.png,SPECIAL,SPLIUL,0.7137053608894348,False,3,0.42857142857142855,0.6166362999938428
word_001887.png,00:00 9,0000,0.9214578866958618,False,3,0.42857142857142855,0.6301846000133082
word_000229.png,DARUE,DARLIE,0.9658443331718445,False,2,0.4,0.5203277999826241
word_000569.png,shops,"Shops,",0.9986539483070374,False,2,0.4,0.5590806000109296
word_000797.png,TOAST,TOA,0.30409297347068787,False,2,0.4,0.5197213999927044
word_001193.png,BALLY,BALN,0.9875231385231018,False,2,0.4,0.6252858999941964
word_001598.png,RIBEC,MIBECA,0.8765852451324463,False,2,0.4,0.6916035999893211
word_001738.png,BEEGA,BOTEGA,0.9196160435676575,False,2,0.4,0.6653256999852601
word_002008.png,ature,atun,0.9634285569190979,False,2,0.4,0.5917469999985769
word_000632.png,desigual,Deeigual.,0.933791995048523,False,3,0.375,0.4718202000076417
word_001403.png,PL   ECT,PLRTECT,0.8586646914482117,False,3,0.375,0.6727257999882568
word_001024.png,FINEST,FHEST,0.7066505551338196,False,2,0.3333333333333333,0.5786115000082646
word_001073.png,PEPPER,PEPpeR,0.6753346920013428,False,2,0.3333333333333333,0.6027191999892239
word_001554.png,WALKIN,WALKER,0.9991785883903503,False,2,0.3333333333333333,0.6156526999839116
word_001868.png,BOARDS,ROAROS,0.8390028476715088,False,2,0.3333333333333333,0.613452799996594
word_001901.png,HUNGER,HGER,0.8411999940872192,False,2,0.3333333333333333,0.7654507999832276
word_000063.png,DOW,DOV,0.8491982817649841,False,1,0.3333333333333333,0.523552099999506
word_000070.png,RdJ,Rd),0.9931311011314392,False,1,0.3333333333333333,0.5248701999953482
word_000082.png,NOW,NOW!,0.9954918622970581,False,1,0.3333333333333333,0.5345707999949809
word_000086.png,THE,TE,0.7871459722518921,False,1,0.3333333333333333,0.5297841999854427
word_000127.png,$50,550,0.9146411418914795,False,1,0.3333333333333333,0.5391965999733657
word_000182.png,A/X,A|X,0.8511732220649719,False,1,0.3333333333333333,0.5646830000041518
word_000219.png,GER,AGER,0.9946073293685913,False,1,0.3333333333333333,0.5600564000196755
word_000230.png,cha,char,0.997795045375824,False,1,0.3333333333333333,0.5082936999970116
word_000306.png,CHO,CHOG,0.9745214581489563,False,1,0.3333333333333333,0.5521569999982603
word_000480.png,"B1,",B1,0.9999762773513794,False,1,0.3333333333333333,0.547414700005902
word_000521.png,H&M,HM,0.9949184060096741,False,1,0.3333333333333333,0.5343112999980804
word_000684.png,FOX,FOK,0.927017867565155,False,1,0.3333333333333333,0.5594700999790803
word_000715.png,OFF,OF0,0.47532621026039124,False,1,0.3333333333333333,0.5508419999969192
word_000720.png,G20,G200,0.9523570537567139,False,1,0.3333333333333333,0.5856351999973413
word_000747.png,70%,70,0.9999481439590454,False,1,0.3333333333333333,0.5185954000044148
word_000796.png,BOX,BOK,0.9512450695037842,False,1,0.3333333333333333,0.5219781000050716
word_000798.png,BOX,BOT,0.6454657912254333,False,1,0.3333333333333333,0.5394070999755058
word_000801.png,$10,S10,0.9990000128746033,False,1,0.3333333333333333,0.5155499000102282
word_000819.png,Mt.,Mr.,0.8008537292480469,False,1,0.3333333333333333,0.5185760000022128
word_000855.png,OOD,FOOD,0.9771791100502014,False,1,0.3333333333333333,0.5209206000145059
word_000860.png,EAT,LAT,0.7120914459228516,False,1,0.3333333333333333,0.5359955999883823
word_000947.png,umP,ump,0.9871285557746887,False,1,0.3333333333333333,0.5036031999916304
word_000949.png,50%,50,0.999966561794281,False,1,0.3333333333333333,0.5559022999950685
word_000954.png,SIS,S1S,0.8880812525749207,False,1,0.3333333333333333,0.563529999984894
word_000955.png,dr.,dr,0.9986783266067505,False,1,0.3333333333333333,0.5643763999978546
word_001011.png,AXS,AxS,0.8019959330558777,False,1,0.3333333333333333,0.5698699000058696
word_001085.png,10%,10,0.9999052286148071,False,1,0.3333333333333333,0.5446404000103939
word_001089.png,10%,10,0.9999728798866272,False,1,0.3333333333333333,0.5804783999919891
word_001094.png,SHA,SHAI,0.9996656179428101,False,1,0.3333333333333333,38.9936461999896
word_001157.png,dr.,dr,0.9852384328842163,False,1,0.3333333333333333,0.5299071000190452
word_001167.png,Ion,ion,0.9937055706977844,False,1,0.3333333333333333,0.6066238000057638
word_001174.png,THe,The,0.9831565022468567,False,1,0.3333333333333333,0.5780680000025313
word_001217.png,SAL,SAE,0.9330304265022278,False,1,0.3333333333333333,0.6354121000040323
word_001308.png,OYS,OYST,0.940017819404602,False,1,0.3333333333333333,0.6577023999998346
word_001420.png,HEN,HENC,0.8867199420928955,False,1,0.3333333333333333,0.6954946999903768
word_001475.png,NEW,REW,0.7404014468193054,False,1,0.3333333333333333,0.6157826000126079
word_001490.png,ALE,LE,0.9904126524925232,False,1,0.3333333333333333,0.688198400021065
word_001529.png,SLE,SULE,0.9374315738677979,False,1,0.3333333333333333,0.6739024999842513
word_001593.png,GOA,GCA,0.8481040000915527,False,1,0.3333333333333333,0.6172502999834251
word_001823.png,NAM,NAME,0.944155752658844,False,1,0.3333333333333333,0.624214799987385
word_002010.png,J&D,J8D,0.9754020571708679,False,1,0.3333333333333333,0.6277009000186808
word_001423.png,Advertisement Space,Advertisement,0.9998913407325745,False,6,0.3157894736842105,0.6438300000154413
word_000365.png,Eailian,Edilion,0.9953969120979309,False,2,0.2857142857142857,0.573277399991639
word_000493.png,Organto,Organia,0.866168200969696,False,2,0.2857142857142857,0.5214741000090726
word_000674.png,chimney,Chimmey,0.7977128028869629,False,2,0.2857142857142857,0.5275728999986313
word_000716.png,latu  e,latule,0.9014830589294434,False,2,0.2857142857142857,0.5264999000064563
word_000913.png,sumosal,sumoSaL,0.7677767872810364,False,2,0.2857142857142857,0.5273467999941204
word_001310.png,MAARteN,MOARtEN,0.8528598546981812,False,2,0.2857142857142857,0.65053590000025
word_001603.png,FORE ER,FUREER,0.9812221527099609,False,2,0.2857142857142857,0.8640013000112958
word_000530.png,YERSATIUITT,VERSATILITY,0.9565296769142151,False,3,0.2727272727272727,0.5529188000073191
word_001063.png,TRADITIONAL,TROTTIONAL,0.745611846446991,False,3,0.2727272727272727,0.5765411999891512
word_000040.png,VEICHLES,VEHICLES,0.9999784231185913,False,2,0.25,0.512213400012115
word_000598.png,SINCLARE,SKINCARE,0.9998862743377686,False,2,0.25,0.5240929999854416
word_000631.png,desigual,Deaigual,0.9515402913093567,False,2,0.25,0.5228638999979012
word_001704.png,@emerold,aemerald,0.9387771487236023,False,2,0.25,0.6041734000027645
word_000109.png,star,Star,0.8979794383049011,False,1,0.25,0.5787411000055727
word_000125.png,comi,comin,0.9988324046134949,False,1,0.25,0.524454300000798
word_000177.png,CAFÉ,CAFE,0.8966853618621826,False,1,0.25,0.5462361999962013
word_000200.png,ZONY,ZOHY,0.7521588802337646,False,1,0.25,0.5502531999954954
word_000203.png,just,Nust,0.7719810009002686,False,1,0.25,0.5238489000184927
word_000378.png,sale,sle,0.8161137700080872,False,1,0.25,0.5622780000267085
word_000422.png,TAGH,TAGHE,0.9837401509284973,False,1,0.25,0.5849640000087675
word_000468.png,LINK,LIKK,0.7515402436256409,False,1,0.25,0.5237702000013087
word_000470.png,PLAN,PLAP,0.8504719138145447,False,1,0.25,0.570820900000399
word_000508.png,Wing,"Wing,",0.9465681314468384,False,1,0.25,0.530433300009463
word_000570.png,food,Food,0.999782919883728,False,1,0.25,0.51423510001041
word_000571.png,more,More,0.9999861121177673,False,1,0.25,0.5099148000008427
word_000590.png,city,City,0.9951671361923218,False,1,0.25,0.5647173999750521
word_000615.png,SALE,SALF,0.9056588411331177,False,1,0.25,0.5158247000072151
word_000693.png,SAHI,SHAHI,0.9278057813644409,False,1,0.25,0.5116639000189025
word_000718.png,CAFE,CAFÉ,0.9631242752075195,False,1,0.25,0.528723399998853
word_000783.png,SORE,STORE,0.9086140394210815,False,1,0.25,0.4987787999853026
word_000828.png,FIRE,FRE,0.9906491637229919,False,1,0.25,0.5277745999919716
word_000868.png,Etam,itam,0.8438022136688232,False,1,0.25,0.4951549999823328
word_000967.png,Eett,rett,0.9715994000434875,False,1,0.25,0.5301567999995314
word_001034.png,RUSH,RSH,0.7973639965057373,False,1,0.25,0.5524173000012524
word_001048.png,9am-,Sam-,0.9680072665214539,False,1,0.25,0.5975731999787968
word_001064.png,alk',alki,0.8518321514129639,False,1,0.25,0.6274086000048555
word_001066.png,TAXI,TAXi,0.9931123852729797,False,1,0.25,0.6303134000045247
word_001082.png,grab,grob,0.9826010465621948,False,1,0.25,0.5959910999808926
word_001095.png,STRO,STIO,0.4791315495967865,False,1,0.25,0.6804946000047494
word_001096.png,Leaf,teaf,0.7518309950828552,False,1,0.25,1.347620000015013
word_001108.png,EXIT,EXT,0.7415637969970703,False,1,0.25,0.9647757000057027
word_001122.png,Vera,vera,0.77605140209198,False,1,0.25,0.6308408999757376
word_001124.png,Care,Core,0.9857395887374878,False,1,0.25,0.6227786999952514
word_001156.png,bYST,DYST,0.9645609855651855,False,1,0.25,0.5346492999815382
word_001177.png,COFF,COFE,0.891013503074646,False,1,0.25,0.7273632000142243
word_001194.png,Dior,Diof,0.993806779384613,False,1,0.25,0.7518725999980234
word_001200.png,SALE,SALÉ,0.9396442174911499,False,1,0.25,0.6476419999962673
word_001209.png,poix,poin,0.8617149591445923,False,1,0.25,0.642209300014656
word_001218.png,SALE,SALES,0.9726099967956543,False,1,0.25,0.6864581000118051
word_001224.png,Cafe,Cafi,0.9442188739776611,False,1,0.25,0.6354358999815304
word_001230.png,NALE,SALE,0.8697449564933777,False,1,0.25,0.7194318999827374
word_001250.png,SINC,SINCE,0.9972732663154602,False,1,0.25,0.6779184000042733
word_001283.png,Soon,Soor,0.9443566203117371,False,1,0.25,0.6841493000101764
word_001299.png,GIFT,GFT,0.9994165301322937,False,1,0.25,0.5939293999981601
word_001409.png,HARC,MARC,0.9990476369857788,False,1,0.25,0.690806500002509
word_001446.png,DONE,DONI,0.8875526785850525,False,1,0.25,0.6517235999926925
word_001503.png,evis,evi's,0.9976528882980347,False,1,0.25,0.5924462000257336
word_001507.png,SALE,SASE,0.5104950070381165,False,1,0.25,0.6230170000053477
word_001519.png,SALE,SAE,0.5984062552452087,False,1,0.25,0.6930122000048868
word_001528.png,SALE,SALP,0.9874348640441895,False,1,0.25,0.7235932000039611
word_001536.png,ROOK,ROOM,0.8732588291168213,False,1,0.25,0.7100765999930445
word_001566.png,SALE,SALE!,0.9937835931777954,False,1,0.25,0.6988800999824889
word_001697.png,WAKA,WAKAI,0.9990428686141968,False,1,0.25,0.677993699995568
word_001699.png,WAKA,WAKAI,0.9990459680557251,False,1,0.25,0.6438086999987718
word_001844.png,Free,Fre:,0.9431278109550476,False,1,0.25,0.6764315999753308
word_001997.png,FACE,EACE,0.9591025114059448,False,1,0.25,0.7094713000115007
word_000654.png,important,injportant,0.957105815410614,False,2,0.2222222222222222,0.5538566000177525
word_001047.png,B1-150-15,#B1-150-158,0.9124311804771423,False,2,0.2222222222222222,0.5814577999990433
word_001185.png,SWAROVSKI,SWAROVSH,0.914563000202179,False,2,0.2222222222222222,0.6161325000284705
word_001607.png,VICTORIAS,VICTORLA'S,0.9639264941215515,False,2,0.2222222222222222,0.6819452000199817
word_001992.png,SADRINAGO,SABRINAGOH,0.9934043884277344,False,2,0.2222222222222222,0.6422470999823418
word_000462.png,aigonLotus,algonLotuf,0.9406507611274719,False,2,0.2,0.552834600006463
word_000026.png,Kappa,Kaopa,0.9866803288459778,False,1,0.2,0.5006201000069268
word_000272.png,-70 %,-70%,0.9958681464195251,False,1,0.2,0.5673710999835748
word_000278.png,Tokyo,Takyo,0.9769331216812134,False,1,0.2,0.4946196999808308
word_000346.png,wotso,watso,0.9614481925964355,False,1,0.2,0.5638165999844205
word_000566.png,cafes,Cafes,0.99986332654953,False,1,0.2,0.5633614000107627
word_000573.png,giant,Giant,0.9357150197029114,False,1,0.2,0.5593470000021625
word_000578.png,Chang,Chan,0.9985036849975586,False,1,0.2,0.5218364000029396
word_000597.png,SK-II,SKII,0.933677077293396,False,1,0.2,0.5418284999905154
word_000635.png,tions,stions,0.9150058627128601,False,1,0.2,0.54284040001221
word_000643.png,place,pace,0.7508634328842163,False,1,0.2,0.5559961999824736
word_000656.png,place,olace,0.7717377543449402,False,1,0.2,0.5340866000042297
word_000662.png,Fried,Fred,0.953149676322937,False,1,0.2,0.49211510000168346
word_000668.png,toast,loast,0.9315212965011597,False,1,0.2,0.5172910000255797
word_000695.png,STERN,USTERN,0.8709380626678467,False,1,0.2,0.5464253000100143
word_001027.png,QUEEN,DUEEN,0.9975310564041138,False,1,0.2,0.5752115999930538
word_001110.png,Levis,LevIs,0.7313176989555359,False,1,0.2,0.8408187000022735
word_001231.png,Grand,Orand,0.9845975637435913,False,1,0.2,0.6545632000197656
word_001239.png,swatc,swatch,0.9267601370811462,False,1,0.2,0.817377100000158
word_001292.png,UP TO,UPTO,0.9998169541358948,False,1,0.2,0.6827888999832794
word_001344.png,Klein,Klen,0.8683720827102661,False,1,0.2,0.6340684999886435
word_001430.png,timms,Timms,0.9854944348335266,False,1,0.2,0.5676826999988407
word_001516.png,OLDES,SOLDES,0.9849982857704163,False,1,0.2,0.7022019999858458
word_001557.png,RAUCO,RAUGO,0.9921029210090637,False,1,0.2,0.7706658999959473
word_001594.png,BONG.,BONG,0.999119758605957,False,1,0.2,0.6533860999916214
word_001648.png,"$5,50",$5.50,0.9947493672370911,False,1,0.2,0.7265782999747898
word_001785.png,KINOS,KINGS,0.9283235669136047,False,1,0.2,0.6537943000148516
word_001810.png,CATHA,CATHAY,0.9936442375183105,False,1,0.2,0.628735999984201
word_001894.png,Haina,Haing,0.9182712435722351,False,1,0.2,0.6186800999857951
word_002000.png,accha,laccha,0.9255900979042053,False,1,0.2,0.7357995999918785
word_002012.png,SHORT,SHURT,0.961323082447052,False,1,0.2,0.6498423999873921
word_002030.png,Globe,Glabe,0.9173739552497864,False,1,0.2,0.7011597999953665
word_001172.png,stradivarius,tradfvarius,0.9499127864837646,False,2,0.16666666666666666,0.6543859000084922
word_000167.png,Beaute,Beauté,0.9167001843452454,False,1,0.16666666666666666,0.5672395000001416
word_000301.png,LEVEL2,LEVEL 2,0.9828372597694397,False,1,0.16666666666666666,0.5185843000072055
word_000317.png,Snecks,Snacks,0.931103527545929,False,1,0.16666666666666666,0.544838699977845
word_000371.png,Suntec,Sunted,0.9745678305625916,False,1,0.16666666666666666,0.5446274999994785
word_000501.png,EMPIRE,EMFIRE,0.9366941452026367,False,1,0.16666666666666666,0.604851600015536
word_000576.png,suntec,Suntec,0.9999675750732422,False,1,0.16666666666666666,0.5066944000136573
word_000579.png,office,Office,0.999856173992157,False,1,0.16666666666666666,0.5606203000061214
word_000585.png,dining,dining.,0.9929192662239075,False,1,0.16666666666666666,0.564879799989285
word_000847.png,ELEVEN,ELEVEn,0.8766550421714783,False,1,0.16666666666666666,0.5263370999891777
word_000849.png,ELEVEN,ELEVEn,0.9331969618797302,False,1,0.16666666666666666,0.5624784999818075
word_000945.png,Swatch,swatch,0.9996047019958496,False,1,0.16666666666666666,0.5594157000014093
word_001102.png,promod,prpmod,0.9859020709991455,False,1,0.16666666666666666,0.7143571999913547
word_001246.png,Haagen,Häagen,0.9958884119987488,False,1,0.16666666666666666,0.6852932999900077
word_001429.png,SAYOUR,SAVOUR,0.997016429901123,False,1,0.16666666666666666,0.6158700000087265
word_001495.png,LADY'S,LADYS,0.9995010495185852,False,1,0.16666666666666666,0.6756498999893665
word_001525.png,OREVER,PREVER,0.942879855632782,False,1,0.16666666666666666,0.72103220000281
word_001652.png,GALAXY,CALAXY,0.9744957089424133,False,1,0.16666666666666666,0.6361240999831352
word_002003.png,#B1-39,B1-39,0.9999434351921082,False,1,0.16666666666666666,0.6610390999994706
word_000066.png,Haugang,Hougang,0.995880126953125,False,1,0.14285714285714285,0.48260689998278394
word_000092.png,GGULDEN,IGGULDEN,0.9994335770606995,False,1,0.14285714285714285,0.5007153000042308
word_000465.png,Station,Station),0.9907102584838867,False,1,0.14285714285714285,0.5380036999995355
word_000510.png,Level 3,Level3,0.999850332736969,False,1,0.14285714285714285,0.5361200000043027
word_000594.png,support,support.,0.9817922711372375,False,1,0.14285714285714285,0.560039300005883
word_000599.png,raffles,Raffles,0.9999811053276062,False,1,0.14285714285714285,0.49315359999309294
word_000617.png,RAFFLES,EAFFLES,0.8734002113342285,False,1,0.14285714285714285,0.5166696000087541
word_000712.png,TOPSHOP,FOPSHOP,0.9534822702407837,False,1,0.14285714285714285,0.564285700005712
word_000824.png,billlie,billie,0.9180490970611572,False,1,0.14285714285714285,0.5556820000056177
word_000884.png,Kitchen,Ktchen,0.9319011569023132,False,1,0.14285714285714285,0.5403097000089474
word_001332.png,SPECIAL,SPECTAL,0.9211135506629944,False,1,0.14285714285714285,0.6475593000068329
word_001349.png,ORCHARD,LORCHARD,0.981769323348999,False,1,0.14285714285714285,0.6573372000129893
word_001639.png,KITCHEN,KITCHIN,0.9429498314857483,False,1,0.14285714285714285,0.6048747999884654
word_001688.png,Kitchen,Kitchan,0.9949980974197388,False,1,0.14285714285714285,0.689796299993759
word_001786.png,SHOWING,SHOVING,0.9350926280021667,False,1,0.14285714285714285,0.8389159000071231
word_001829.png,SHOWING,SHOWANG,0.9110532999038696,False,1,0.14285714285714285,0.6263557999918703
word_001843.png,CINEPLE,CINEPLEX,0.9999055862426758,False,1,0.14285714285714285,0.6102609999943525
word_001905.png,Freshly,freshly,0.9436736702919006,False,1,0.14285714285714285,0.750328800000716
word_001989.png,RENANZA,RENAZA,0.9970579743385315,False,1,0.14285714285714285,0.6422088999825064
word_002033.png,Website,Website:,0.9963418245315552,False,1,0.14285714285714285,0.6853292000014335
word_000222.png,CocaCola,CocaCol,0.9488903284072876,False,1,0.125,0.49347439999110065
word_000254.png,Doraeman,Doraemon,0.9945195913314819,False,1,0.125,0.5726043999893591
word_000363.png,Appetite,Appetite.,0.9710994362831116,False,1,0.125,0.4986952999897767
word_000375.png,LONGINES,TONGINES,0.9921678304672241,False,1,0.125,0.5673611999955028
word_000478.png,&Dining!,& Dining!,0.9759308695793152,False,1,0.125,0.5662044000055175
word_000572.png,republic,Republic,0.9999816417694092,False,1,0.125,0.5093957000062801
word_000575.png,fountain,Fountain,0.9997596740722656,False,1,0.125,0.5370125999907032
word_000740.png,Desigual,Deeigual,0.9990447759628296,False,1,0.125,0.5493544999917503
word_000754.png,BROTHERS,BBOTHERS,0.9397104978561401,False,1,0.125,0.5158379999920726
word_000829.png,HOSEREEH,HOSEREEL,0.995927631855011,False,1,0.125,0.552060399990296
word_000930.png,browhous,browhaus,0.9803687930107117,False,1,0.125,0.5223783999972511
word_000995.png,Passages,Passsges,0.9615916013717651,False,1,0.125,0.5840845000057016
word_000996.png,Restroom,Reatroom,0.9875462055206299,False,1,0.125,0.5707744000246748
word_001033.png,Roffey s,Roffeys,0.9991560578346252,False,1,0.125,0.5927108000032604
word_001045.png,Citibank,citibank,0.9974406361579895,False,1,0.125,0.5600562000181526
word_001107.png,GIORDANO,GORDANO,0.969512403011322,False,1,0.125,0.617304100014735
word_001188.png,Standart,Standard,0.9996093511581421,False,1,0.125,0.6221424999821465
word_001630.png,SYMPHONY,SYMPHORY,0.8411915302276611,False,1,0.125,0.7080735999916214
word_002028.png,Supplies,Supplier,0.9995371103286743,False,1,0.125,0.6245395999867469
word_000397.png,Refishing,Relishing,0.9951396584510803,False,1,0.1111111111111111,0.505747400020482
word_000445.png,Refishing,Relishing,0.9997156858444214,False,1,0.1111111111111111,0.5745777999982238
word_000896.png,CHRISTMAS,CHEISTMAS,0.8737888336181641,False,1,0.1111111111111111,0.5821821999852546
word_001035.png,ESPLANADE,ESPLAnADE,0.8779430389404297,False,1,0.1111111111111111,0.6151509000046644
word_001498.png,epiCentre,epicentre,0.94498211145401,False,1,0.1111111111111111,0.569600899994839
word_001523.png,epiCentre,epicentre,0.9664281010627747,False,1,0.1111111111111111,0.6421690999995917
word_001553.png,WORKSHOPE,WORKSHOPEI,0.9777640104293823,False,1,0.1111111111111111,0.6277040999848396
word_001604.png,epiCentre,epicentre,0.9466216564178467,False,1,0.1111111111111111,0.8308498999977019
word_001632.png,CHANBUTON,CHABUTON,0.9999482035636902,False,1,0.1111111111111111,0.7135752000031061
word_001809.png,JANUARY 8,JANUARY8,0.9997900128364563,False,1,0.1111111111111111,0.6555663000035565
word_001817.png,MORTDECAI,MORTDECAT,0.9583722352981567,False,1,0.1111111111111111,0.6706799000094179
word_001991.png,LIFESTYLE,LIFESTYLEL,0.978377640247345,False,1,0.1111111111111111,0.6615276999946218
word_000309.png,OILETREIES,OILETRIES,0.9978752136230469,False,1,0.1,0.5852932000125293
word_000548.png,privileges,privileges.,0.9849429726600647,False,1,0.1,0.4863080999930389
word_000574.png,hyperfresh,Hyperfresh,0.9999831914901733,False,1,0.1,0.510318799992092
word_000255.png,PUNE CENTAS,PUNE CENTRS,0.9044715762138367,False,1,0.09090909090909091,0.670968599995831
word_001191.png,FURSTENBERG,FURSTENGERG,0.9443309307098389,False,1,0.09090909090909091,0.9594955999928061
word_001556.png,WORKSHOPELEM,WORKSHOPELEME,0.9816248416900635,False,1,0.08333333333333333,0.6304165000037756
word_001706.png,Crate&Barrel,Crate&Barel,0.9653577208518982,False,1,0.08333333333333333,0.6875664000108372
word_000314.png,Mouth-watering,touth-watering,0.9448397755622864,False,1,0.07142857142857142,0.649446600000374
word_002034.png,www.ywgroup.com.sg,ww.ywgroup.com.sg,0.9966540336608887,False,1,0.05555555555555555,0.7548855999775697
